{
  "asr_only": {
    "hit_at_1": 0.66,
    "hit_at_3": 0.8,
    "latency": 0.30364333325065673
  },
  "multimodal_sum": {
    "hit_at_1": 0.7,
    "hit_at_3": 0.94,
    "latency": 0.43454473915044217
  },
  "multimodal_rrf": {
    "hit_at_1": 0.88,
    "hit_at_3": 0.94,
    "latency": 0.43872411595191807
  },
  "multimodal_max": {
    "hit_at_1": 0.9,
    "hit_at_3": 0.96,
    "latency": 0.4537417474458925
  },
  "multimodal_max_norouting": {
    "hit_at_1": 0.76,
    "hit_at_3": 0.88,
    "latency": 0.7667134632845409
  }
}