{
  "asr_only": {
    "hit_at_1": 0.7,
    "hit_at_3": 0.8,
    "latency": 0.40496862089494245
  },
  "multimodal_sum": {
    "hit_at_1": 0.7,
    "hit_at_3": 0.9,
    "latency": 0.5613005083054304
  },
  "multimodal_rrf": {
    "hit_at_1": 0.8,
    "hit_at_3": 0.9,
    "latency": 0.5421115417964757
  },
  "multimodal_max": {
    "hit_at_1": 0.8,
    "hit_at_3": 1.0,
    "latency": 0.5569108916097321
  },
  "multimodal_max_norouting": {
    "hit_at_1": 0.6,
    "hit_at_3": 0.9,
    "latency": 0.8859560249722562
  }
}